retriever_type,success_rate,avg_latency_ms,precision,recall,f1,mrr,ndcg
naive,100.0,1816.930913925171,0,0,0,0,0
bm25,100.0,0.06787776947021484,0,0,0,0,0
contextual_compression,100.0,2332.0656299591064,0,0,0,0,0
multi_query,100.0,2706.207537651062,0,0,0,0,0
parent_document,100.0,1607.2806119918823,0,0,0,0,0
ensemble,100.0,3765.8289194107056,0,0,0,0,0
semantic,100.0,1687.2785091400146,0,0,0,0,0
