retriever_type,success_rate,avg_latency_ms,precision,recall,f1,mrr,ndcg
naive,100.0,2421.0988879203796,0,0,0,0,0
bm25,100.0,1595.0268705685933,0,0,0,0,0
semantic,100.0,2008.0870787302654,0,0,0,0,0
